['New York'],"['Chicago', 'Los Angeles']","['Philadelphia', 'Chicago', 'Los Angeles']","['Detroit', 'Philadelphia', 'Houston', 'Saint Louis', 'Los Angeles']","['Detroit', 'Philadelphia', 'Los Angeles', 'Boston', 'Houston', 'Cleveland']","['Cleveland', 'Baltimore', 'Phoenix', 'Houston', 'Detroit', 'San Diego', 'Saint Louis']","['Baltimore', 'Cleveland', 'San Antonio', 'Houston', 'Detroit', 'Saint Louis', 'San Diego', 'Dallas', 'Boston']","['Dallas', 'Saint Louis', 'Baltimore', 'San Diego', 'Buffalo', 'Cleveland', 'Detroit']","['Washington', 'Phoenix', 'Boston', 'San Antonio', 'San Francisco', 'Buffalo', 'Los Angeles', 'Dallas']","['San Francisco', 'Pittsburgh', 'San Jose', 'Cincinnati', 'Cleveland', 'Detroit', 'San Antonio', 'Saint Louis', 'Baltimore', 'Boston']","['San Jose', 'Milwaukee', 'Austin', 'San Antonio', 'Indianapolis', 'Buffalo', 'San Francisco', 'Washington', 'New Orleans', 'Pittsburgh']","['San Francisco', 'Indianapolis', 'Milwaukee', 'Jacksonville', 'Cincinnati', 'Detroit', 'Pittsburgh']","['Milwaukee', 'San Francisco', 'Newark', 'Buffalo', 'Baltimore', 'Boston']","['Washington', 'Jacksonville', 'Indianapolis', 'Memphis', 'New Orleans', 'Buffalo', 'San Francisco', 'Houston', 'San Diego', 'Dallas']","['Washington', 'New Orleans', 'Newark', 'Columbus', 'San Antonio', 'Minneapolis', 'Buffalo', 'Jacksonville']","['Pittsburgh', 'New Orleans', 'Austin', 'Cincinnati', 'Minneapolis', 'Fort Worth', 'Milwaukee', 'Columbus', 'Boston']","['Cincinnati', 'San Antonio', 'Charlotte', 'New Orleans', 'Minneapolis', 'Memphis', 'Milwaukee', 'Jersey City', 'Los Angeles', 'Baltimore', 'San Jose']","['Newark', 'Minneapolis', 'Memphis', 'Cincinnati', 'Louisville', 'Saint Louis', 'Cleveland', 'San Diego', 'Seattle']","['Kansas City', 'Seattle', 'Washington', 'Jacksonville', 'Minneapolis', 'Milwaukee', 'New Orleans', 'Denver', 'Jersey City']","['Kansas City', 'Seattle', 'Boston', 'El Paso', 'Providence', 'Phoenix', 'Buffalo', 'Columbus', 'Indianapolis']","['Indianapolis', 'Seattle', 'Washington', 'Cincinnati', 'Detroit', 'Columbus', 'Newark', 'Houston', 'Boston']","['Seattle', 'El Paso', 'Washington', 'New Orleans', 'Kansas City', 'Memphis', 'Dallas', 'Nashville-Davidson', 'Indianapolis', 'Rochester', 'Jersey City']","['Rochester', 'El Paso', 'Denver', 'Jacksonville', 'Providence', 'Jersey City', 'Nashville-Davidson', 'Indianapolis', 'Saint Paul', 'Seattle', 'Boston']","['Denver', 'Louisville', 'Rochester', 'Portland', 'Memphis', 'Cleveland', 'Seattle', 'Pittsburgh', 'Atlanta']","['Denver', 'Nashville-Davidson', 'San Antonio', 'New Orleans', 'Portland', 'Minneapolis', 'Louisville', 'Rochester']","['Toledo', 'Houston', 'Denver', 'Kansas City', 'Portland', 'Memphis', 'Columbus', 'Indianapolis', 'Saint Louis', 'Charlotte', 'Saint Paul']","['Kansas City', 'Austin', 'Providence', 'Portland', 'Denver', 'Fort Worth', 'Columbus', 'Oakland', 'Atlanta', 'Toledo', 'Oklahoma City']","['Columbus', 'Portland', 'El Paso', 'Las Vegas', 'Worcester', 'Fort Worth', 'Buffalo', 'Atlanta']","['Oklahoma City', 'Denver', 'Cincinnati', 'Columbus', 'Portland', 'Phoenix', 'Louisville', 'Syracuse', 'Baltimore', 'Atlanta', 'Oakland']","['Louisville', 'Toledo', 'Saint Paul', 'Portland', 'Tucson', 'Jersey City', 'Nashville-Davidson', 'Newark', 'Oakland', 'Pittsburgh', 'New Haven']","['San Jose', 'Atlanta', 'Saint Paul', 'Kansas City', 'Paterson', 'Milwaukee', 'New Orleans', 'Louisville', 'Oakland', 'San Diego', 'Dallas', 'Oklahoma City']","['Oakland', 'Rochester', 'Cincinnati', 'Albuquerque', 'Minneapolis', 'Memphis', 'Omaha', 'Akron', 'Cleveland', 'Portland', 'Long Beach', 'Atlanta']","['Fort Worth', 'Tucson', 'Atlanta', 'Worcester', 'Saint Paul', 'Las Vegas', 'Los Angeles', 'Oakland', 'Dallas']","['Birmingham', 'Toledo', 'Syracuse', 'Fresno', 'Minneapolis', 'Memphis', 'Fort Worth', 'Omaha', 'Saint Louis', 'Long Beach']","['Birmingham', 'Portland', 'Worcester', 'Saint Paul', 'Albuquerque', 'Sacramento', 'Akron', 'Charlotte', 'Lowell', 'New Haven']","['Kansas City', 'Birmingham', 'San Antonio', 'Toledo', 'Honolulu CDP', 'Newark', 'Memphis', 'Albany', 'Atlanta', 'Oklahoma City']","['Providence', 'Virginia Beach', 'Fresno', 'Richmond', 'Tulsa', 'Jersey City', 'Memphis', 'Cambridge', 'Rochester', 'Long Beach', 'Oklahoma City']","['San Antonio', 'Toledo', 'Richmond', 'Albuquerque', 'Mesa', 'Virginia Beach', 'Fort Worth', 'Syracuse', 'Akron', 'Oakland', 'Portland', 'Long Beach']","['Atlanta', 'Omaha', 'Paterson', 'Saint Paul', 'Buffalo', 'Louisville', 'Akron', 'Oakland', 'New Haven']","['Omaha', 'Grand Rapids', 'Toledo', 'Colorado Springs', 'Memphis', 'Sacramento', 'Syracuse', 'Pittsburgh', 'Dayton']","['Dayton', 'Miami', 'San Antonio', 'Virginia Beach', 'Sacramento', 'Syracuse', 'Oakland', 'Norfolk', 'Long Beach']","['Austin', 'Providence', 'Honolulu CDP', 'Richmond', 'Minneapolis', 'Worcester', 'Raleigh', 'Mesa', 'Grand Rapids', 'Dallas', 'Miami', 'Oklahoma City']","['Tulsa', 'Nashville-Davidson', 'Honolulu CDP', 'Dayton', 'Omaha', 'Oakland', 'San Diego', 'Miami', 'Oklahoma City']","['Honolulu CDP', 'Worcester', 'Bridgeport', 'Albuquerque', 'Richmond', 'Omaha', 'Dayton', 'Akron', 'Seattle', 'Miami', 'Lowell']","['El Paso', 'Richmond', 'Cincinnati', 'Minneapolis', 'Houston', 'Tucson', 'Cambridge', 'Youngstown', 'Oakland', 'Hartford', 'Oklahoma City']","['Honolulu CDP', 'Wilmington', 'Richmond', 'Saint Paul', 'Miami', 'Newark', 'Minneapolis', 'Jersey City', 'Spokane', 'Grand Rapids', 'Hartford']","['Bridgeport', 'Tampa', 'Fresno', 'Miami', 'Tulsa', 'Fort Worth', 'Grand Rapids', 'Syracuse', 'Charlotte', 'Norfolk', 'Hartford']","['Omaha', 'Jacksonville', 'Paterson', 'Birmingham', 'Colorado Springs', 'Fort Worth', 'Albany', 'Dayton', 'Oakland', 'Norfolk', 'Wichita']","['Jacksonville', 'New Haven', 'New Orleans', 'Toledo', 'Youngstown', 'Tulsa', 'Des Moines', 'Louisville', 'Saint Louis', 'Rochester', 'Miami', 'Hartford']","['Springfield', 'Wichita', 'Flint', 'Worcester', 'Birmingham', 'Youngstown', 'Tampa', 'Buffalo', 'San Antonio', 'Arlington']","['Wichita', 'Nashville-Davidson', 'Evansville', 'Des Moines', 'Tulsa', 'Santa Ana', 'Salt Lake City', 'Cleveland', 'Long Beach']","['Springfield', 'Honolulu CDP', 'Richmond', 'Manchester', 'Sacramento', 'Dallas', 'Nashville-Davidson', 'Santa Ana', 'Akron', 'Salt Lake City', 'Pittsburgh', 'Hartford']","['Tampa', 'Bakersfield', 'Springfield', 'Mesa', 'Tucson', 'Peoria', 'Arlington', 'Syracuse', 'Grand Rapids', 'San Diego', 'Salt Lake City', 'Des Moines']","['Norfolk', 'Tampa', 'Saint Paul', 'Cincinnati', 'Colorado Springs', 'Tucson', 'Jersey City', 'Savannah', 'Wilmington', 'New Haven', 'Bridgeport', 'Hartford']","['Des Moines', 'Norfolk', 'Tampa', 'Albany', 'Sacramento', 'Anaheim', 'Salt Lake City', 'Grand Rapids', 'Aurora']","['Flint', 'Austin', 'Providence', 'Newark', 'Tacoma', 'Virginia Beach', 'Nashville-Davidson', 'Anaheim', 'San Antonio', 'Tulsa', 'Toledo', 'Lowell']","['Salt Lake City', 'San Jose', 'Tampa', 'Saint Paul', 'Kansas City', 'Richmond', 'Wilmington', 'Santa Ana', 'Rochester', 'Erie', 'Wichita']","['Paterson', 'Springfield', 'Albuquerque', 'Youngstown', 'Saint Petersburg', 'Elizabeth', 'Corpus Christi', 'Louisville', 'Buffalo', 'Charlotte', 'Yonkers', 'Cambridge']","['Fort Worth', 'Saint Paul', 'Honolulu CDP', 'Albuquerque', 'Youngstown', 'Anaheim', 'Bridgeport', 'Dayton', 'Akron', 'Kansas City', 'Riverside', 'New Haven']","['Yonkers', 'Corpus Christi', 'Jacksonville', 'Houston', 'Spokane', 'Birmingham', 'Saint Louis', 'Charlotte', 'Norfolk', 'Long Beach']","['Norfolk', 'Arlington', 'Flint', 'Yonkers', 'Elizabeth', 'Saint Petersburg', 'Jersey City', 'Lexington-Fayette', 'Kansas City', 'Aurora']","['Flint', 'Fort Worth', 'Jacksonville', 'Yonkers', 'Stockton', 'Tulsa', 'Baton Rouge', 'Corpus Christi', 'Raleigh', 'Fort Wayne', 'Norfolk', 'Mobile']","['Long Beach', 'Yonkers', 'Springfield', 'Albany', 'Las Vegas', 'Tacoma', 'Manchester', 'Sacramento', 'Anaheim', 'Newark', 'Youngstown', 'Pittsburgh']","['Paterson', 'Evansville', 'Saint Paul', 'Kansas City', 'Yonkers', 'Richmond', 'Corpus Christi', 'Lexington-Fayette', 'Spokane', 'Houston', 'Elizabeth', 'Des Moines']","['Akron', 'Anchorage', 'Grand Rapids', 'Fresno', 'Albany', 'Saint Petersburg', 'Chattanooga', 'Bridgeport', 'Salt Lake City', 'Erie']","['Erie', 'Worcester', 'Flint', 'Cincinnati', 'Colorado Springs', 'Chattanooga', 'Dallas', 'Louisville', 'Syracuse', 'Rochester', 'Norfolk', 'Yonkers']","['Spokane', 'Flint', 'Austin', 'Jacksonville', 'Lincoln', 'Shreveport', 'Jersey City', 'Henderson', 'Tacoma', 'Riverside', 'Peoria']","['Paterson', 'Oklahoma City', 'Kansas City', 'Spokane', 'Elizabeth', 'Saint Petersburg', 'Riverside', 'Lexington-Fayette', 'Augusta-Richmond County', 'Erie', 'Greensboro', 'Mobile']","['Fort Wayne', 'Bakersfield', 'Honolulu CDP', 'Savannah', 'Saint Petersburg', 'Shreveport', 'Plano', 'Santa Ana', 'Anchorage', 'Sacramento']","['Evansville', 'Warren', 'Albany', 'Newark', 'Stockton', 'Gary', 'Lexington-Fayette', 'Oklahoma City', 'Erie', 'Jackson', 'Mobile', 'Cambridge']","['Birmingham', 'Wichita', 'Grand Rapids', 'Providence', 'Toledo', 'Honolulu CDP', 'Fort Wayne', 'Akron', 'Charlotte', 'Mobile']","['Wilmington', 'Springfield', 'Miami', 'Yonkers', 'Gary', 'Lincoln', 'Fort Wayne', 'Jersey City', 'Savannah', 'Aurora', 'Jacksonville', 'Little Rock']","['Tacoma', 'Worcester', 'Manchester', 'Gary', 'Orlando', 'Baton Rouge', 'Fort Wayne', 'Dayton', 'Arlington', 'Norfolk', 'South Bend']","['Knoxville', 'Wilmington', 'Chula Vista', 'Spokane', 'Austin', 'Stockton', 'Baton Rouge', 'Wichita', 'Nashville-Davidson', 'Salt Lake City', 'Des Moines']","['Grand Rapids', 'El Paso', 'Honolulu CDP', 'Knoxville', 'Corpus Christi', 'Chattanooga', 'Gary', 'Raleigh', 'Hialeah', 'Jersey City', 'South Bend', 'Cambridge']","['Allentown', 'Peoria', 'Elizabeth', 'Chandler', 'Richmond', 'Lincoln', 'Montgomery', 'Youngstown', 'Knoxville', 'Erie']","['Springfield', 'Shreveport', 'El Paso', 'Knoxville', 'Tacoma', 'Fort Wayne', 'San Diego', 'Arlington', 'Greensboro', 'South Bend']","['Topeka', 'Tampa', 'El Paso', 'Kansas City', 'Mobile', 'Allentown', 'Buffalo', 'Plano', 'Anchorage', 'Jackson', 'Madison', 'Hartford']","['Mobile', 'Durham', 'Virginia Beach', 'Lubbock', 'Knoxville', 'Fort Wayne', 'Waterbury', 'Little Rock', 'Rochester', 'Evansville', 'Sacramento']","['Evansville', 'Bridgeport', 'St. Petersburg', 'Spokane', 'Peoria', 'Glendale', 'Fort Wayne', 'Wichita', 'Tampa', 'Waterbury', 'Davenport', 'Des Moines']","['Rockford', 'Lincoln', 'Kansas City', 'Baton Rouge', 'Gary', 'Shreveport', 'Akron', 'Irvine', 'Tulsa', 'Lowell']","['South Bend', 'Lowell', 'Garland', 'Spokane', 'Sacramento', 'Baton Rouge', 'Anaheim', 'Laredo', 'Montgomery', 'Madison', 'New Haven']","['Sacramento', 'Chattanooga', 'Madison', 'Grand Rapids', 'Knoxville', 'Charlotte', 'Baton Rouge', 'Savannah', 'Lubbock']","['Rockford', 'Tampa', 'Fresno', 'Lincoln', 'Yonkers', 'Allentown', 'Fort Wayne', 'Waterbury', 'Tacoma', 'Riverside', 'Madison', 'Joliet']","['Springfield', 'Gilbert', 'Topeka', 'Fremont', 'Little Rock', 'Shreveport', 'Waterbury', 'Hialeah', 'Huntington Beach', 'Jackson', 'Sacramento', 'Cambridge']","['Paterson', 'Evansville', 'Mobile', 'Scottsdale', 'Davenport', 'Montgomery', 'Waterbury', 'Columbus', 'Savannah', 'Rockford', 'Norfolk', 'Hartford']","['Springfield', 'Evansville', 'Jacksonville', 'Savannah', 'Reno', 'Montgomery', 'Allentown', 'Santa Ana', 'Syracuse', 'Lubbock', 'South Bend', 'Pueblo']","['Chattanooga', 'Berkeley', 'El Paso', 'Bridgeport', 'Augusta-Richmond County', 'Charlotte', 'Pueblo', 'Shreveport', 'Erie', 'Greensboro', 'WinstonñSalem']","['Berkeley', 'Lansing', 'Macon', 'Las Vegas', 'Tacoma', 'Glendale', 'Savannah', 'Amarillo', 'Fort Worth', 'Augusta-Richmond County', 'Elizabeth', 'Dayton']","['Little Rock', 'Berkeley', 'Huntington Beach', 'Peoria', 'Lexington-Fayette', 'Davenport', 'Montgomery', 'Columbus', 'Salt Lake City', 'Lubbock', 'Hialeah']","['Garland', 'Wilmington', 'Chesapeake', 'Fresno', 'Austin', 'Cedar Rapids', 'Worcester', 'Berkeley', 'San Diego', 'Jackson', 'Lansing']","['Lincoln', 'El Paso', 'Kansas City', 'Manchester', 'Scottsdale', 'Glendale', 'Gary', 'Corpus Christi', 'Berkeley', 'Wichita', 'South Bend', 'Mobile']","['Rockford', 'Flint', 'Lincoln', 'Warren', 'Irving', 'Chattanooga', 'Allentown', 'Columbus', 'Shreveport', 'Lubbock', 'Aurora', 'Des Moines']","['Portsmouth', 'Grand Rapids', 'Montgomery', 'Albany', 'Spokane', 'Glendale', 'Rockford', 'Chesapeake', 'Phoenix', 'Arlington', 'Macon', 'Pasadena']","['Lincoln', 'Flint', 'Paterson', 'North Las Vegas', 'Macon', 'Springfield', 'Richmond', 'Montgomery', 'Tacoma', 'Tampa', 'Lubbock']","['Pasadena', 'Little Rock', 'Austin', 'Yonkers', 'Fremont', 'Lincoln', 'Knoxville', 'Augusta-Richmond County', 'Winston-Salem', 'Greensboro']","['Springfield', 'Roanoke', 'Bakersfield', 'Spokane', 'Tampa', 'Baton Rouge', 'Riverside', 'Winston-Salem', 'Aurora', 'Madison', 'Little Rock']","['Roanoke', 'Lansing', 'Richmond', 'Fremont', 'Glendale', 'Rockford', 'Waterbury', 'Lexington-Fayette', 'Tacoma', 'Youngstown', 'San Jose']","['Mobile', 'Roanoke', 'Topeka', 'Providence', 'Kansas City', 'Colorado Springs', 'Lincoln', 'Fort Wayne', 'Tacoma', 'Fort Lauderdale', 'Boise']"
